{
  "hash": "e4796141",
  "configHash": "fcbecd18",
  "lockfileHash": "8b13938c",
  "browserHash": "21ed7c85",
  "optimized": {
    "react": {
      "src": "../../node_modules/react/index.js",
      "file": "react.js",
      "fileHash": "0105c22e",
      "needsInterop": true
    },
    "react-dom/client": {
      "src": "../../node_modules/react-dom/client.js",
      "file": "react-dom_client.js",
      "fileHash": "55e00c6e",
      "needsInterop": true
    },
    "react-router-dom": {
      "src": "../../node_modules/react-router-dom/dist/index.js",
      "file": "react-router-dom.js",
      "fileHash": "1090c7a2",
      "needsInterop": false
    },
    "react-icons/fa": {
      "src": "../../node_modules/react-icons/fa/index.mjs",
      "file": "react-icons_fa.js",
      "fileHash": "e7901800",
      "needsInterop": false
    },
    "react-loading-indicators": {
      "src": "../../node_modules/react-loading-indicators/esm/index.js",
      "file": "react-loading-indicators.js",
      "fileHash": "842f584a",
      "needsInterop": false
    },
    "react-icons/im": {
      "src": "../../node_modules/react-icons/im/index.mjs",
      "file": "react-icons_im.js",
      "fileHash": "5a2394f5",
      "needsInterop": false
    },
    "react-icons/si": {
      "src": "../../node_modules/react-icons/si/index.mjs",
      "file": "react-icons_si.js",
      "fileHash": "207b679f",
      "needsInterop": false
    },
    "react-icons/rx": {
      "src": "../../node_modules/react-icons/rx/index.mjs",
      "file": "react-icons_rx.js",
      "fileHash": "5f57de05",
      "needsInterop": false
    },
    "react-medium-image-zoom": {
      "src": "../../node_modules/react-medium-image-zoom/dist/index.js",
      "file": "react-medium-image-zoom.js",
      "fileHash": "a9f5fb71",
      "needsInterop": false
    },
    "react-icons/io": {
      "src": "../../node_modules/react-icons/io/index.mjs",
      "file": "react-icons_io.js",
      "fileHash": "6d0918f2",
      "needsInterop": false
    },
    "react-icons/ai": {
      "src": "../../node_modules/react-icons/ai/index.mjs",
      "file": "react-icons_ai.js",
      "fileHash": "490025c2",
      "needsInterop": false
    }
  },
  "chunks": {
    "chunk-QPG7G3M7": {
      "file": "chunk-QPG7G3M7.js"
    },
    "chunk-YS7ZXTDS": {
      "file": "chunk-YS7ZXTDS.js"
    },
    "chunk-UTEJFLXC": {
      "file": "chunk-UTEJFLXC.js"
    }
  }
}